{"file_hashes":[{"block_hashes":["Us77fLrleLxlJA6+y682JnOg1HshQvjuY6xnkBmwEXM="],"block_size":4096,"path":"Icon-16.png"},{"block_hashes":["n/MSbujIU49YjV7eTcyFRgInSkHU0KFP6Wa0RjQbrG8="],"block_size":4096,"path":"Icon-32.png"},{"block_hashes":["5guDMUTfKeSdwe/8UVu37RZNF1hr6/X/WDWzVvbXZTI="],"block_size":4096,"path":"background.html"},{"block_hashes":["8A4csOVdjUF22vygzJXPzNDReaHXjReM1JSnsA1MLd0="],"block_size":4096,"path":"css/chrome-native-look.css"},{"block_hashes":["cILlIUmZqovlkTdkHqZgsOkVShxO3hTdEulKREt+2Wo="],"block_size":4096,"path":"css/jquery.msg.css"},{"block_hashes":["f8Iw8QPtOBihQ6PUJKKYuAyyWiMlglQoIoHDHNIYw50="],"block_size":4096,"path":"css/login.css"},{"block_hashes":["jFVOZMv9V7b0Cd9c1aUPdcELxvxZOGoRCXRAKSl/KWg="],"block_size":4096,"path":"css/options.css"},{"block_hashes":["Aqm2JSb+Up642FcLeuAERBfQgiA7g5CflDaXggKtz/I="],"block_size":4096,"path":"css/reset.css"},{"block_hashes":["YptYPJuwjEUsac/2wd+m8jIJjcPeD0xZWqQA1e/KQ/g="],"block_size":4096,"path":"images/close.png"},{"block_hashes":["GnIlDS9qLCf4UGbpuftogWRb6bVNPXCRlCdx3uHKcAI="],"block_size":4096,"path":"images/error-32.png"},{"block_hashes":["e17FwiEv3HIapQiUljJZ7FgtBDWW19gQ16OQMHGwzpA="],"block_size":4096,"path":"images/info-32.png"},{"block_hashes":["V5NtEN6cgPS9ZRYc5SkuxPXxp1q/pkyiqjHQelqXSnA="],"block_size":4096,"path":"images/lazarus-32.png"},{"block_hashes":["261p53+u+yUOqUjRQlIRuLUyg2u4teHaIZEtgSpzs1c="],"block_size":4096,"path":"images/lazarus-button-highlight.png"},{"block_hashes":["+F6UvLcNhDzpb89y0asx9aStwo6eaeUVK+BxL7cuUNg="],"block_size":4096,"path":"images/lazarus-button.png"},{"block_hashes":["rBr72daD3uQ27CSFdcpysNkROgcLchEzuEvezISTUDI="],"block_size":4096,"path":"images/lazarus-disabled.png"},{"block_hashes":["+F6UvLcNhDzpb89y0asx9aStwo6eaeUVK+BxL7cuUNg="],"block_size":4096,"path":"images/lazarus-lite.png"},{"block_hashes":["JoAJERfkU5NQJTYtsJmBcYl1brD3f6AlarkKGmr8W84="],"block_size":4096,"path":"images/lazarus-save.png"},{"block_hashes":["vzwl4X2wXnUS3PEvrQUVd/IMLAYtWGdjRRf4Y0+TUkE="],"block_size":4096,"path":"images/loading-32.gif"},{"block_hashes":["hECI7FUBwPqB/gscZkANPUiPZTYN2xmWT0Tq7OH6/co=","awAPYAYe5cjHx8KkYOSATYmPNfAmEEviJYjjCozn8g0=","de5urePlcKI0PMMoa8KoOCQXWW8pWS+Na8iMbp6O2j8=","KKZz3gD8t0fG5miBvVdVzWpp6eosgnrQ+mVgO3+2Phc=","Y2xEIJnptWpaMzuPxo7clxOinc92sszzKLQ5W0Ha9s8=","py07mhbV/369PN2Ytu3snX+fOkZACFfY7nuaCznsAMk="],"block_size":4096,"path":"images/loading-horizontal.gif"},{"block_hashes":["80xo60y4CCiwixH6BJhmEaEkDQJ36ECuNGbHjrugIOU=","rrh/IDOpoY+84cLF65jLvESKAQ03W0PSSXK1H6/S5i0=","gQRKTnhrsv1MnDdHAVTyK2lMAJCnZ8TKREoVw2a9608="],"block_size":4096,"path":"images/loading.gif"},{"block_hashes":["ANLy0UV9W8ZkTkWWX2gmJ8KKWnpeVdJAESiljL4dEIc="],"block_size":4096,"path":"images/lock.png"},{"block_hashes":["tXUsW64BLseHCK7JmrWkl22ZxSuHb1R+1hqMw4AfseE="],"block_size":4096,"path":"images/menu-background.png"},{"block_hashes":["lT2REnftgegx3PYzd2hx1BLzCJuX+OJbE0YNTTnePas="],"block_size":4096,"path":"images/success-32.png"},{"block_hashes":["yfwX744SRctbETa0d3jWZW5Kzh6T3Z9YTvGOecXWh38="],"block_size":4096,"path":"images/success.png"},{"block_hashes":["pK4GH2zsI4Gq0yDLQVTHuCy92dqBp7bO0PEu8PrntKw="],"block_size":4096,"path":"images/update.png"},{"block_hashes":["uK3BOGC3qe9eJfF2pAIE57dZrCvTTRXioP9tU6KDQ0A="],"block_size":4096,"path":"images/warning-32.png"},{"block_hashes":["dnTg2jv2+5+C3gZ22JM08urvtqfBW+N6C0xYpqWVTWQ="],"block_size":4096,"path":"images/warning.png"},{"block_hashes":["VrbAtRgF6Wjcm4UF2kLFd93iJGma1brCef1Jww4cKGM="],"block_size":4096,"path":"jasmine/SpecRunner.html"},{"block_hashes":["Ddcc7YmVvHwT0PfWceKl90DOgiBVOciVuFxyX9IktK0="],"block_size":4096,"path":"jasmine/lib/jasmine-1.0.0/MIT.LICENSE"},{"block_hashes":["Ys13x8zS9dOGZWH+G8K7yrWcc2d44B5jtXlqp8iZhuY=","OhJHxgedvmE3g/2SYGye3J4JFApL+FlBShqyIa3iV4I="],"block_size":4096,"path":"jasmine/lib/jasmine-1.0.0/jasmine-html.js"},{"block_hashes":["elGluW4wYdUTYC8S6T29AoUaSREPrBffdWLT60R6uoQ="],"block_size":4096,"path":"jasmine/lib/jasmine-1.0.0/jasmine.css"},{"block_hashes":["/8008S/MgXX4tHoFqMfM/wv8I1jgsTTNJUh0vQcPfDI=","6El64DfPEMLYIkLa1Fq5EFgJ6xaoiDGZwwgzWsY5BbY=","IB1N2KIXD49ui32sUuzQl3lNZNNgqwE+VwBp51nOuGQ=","u9sxUp6jxrkBQJz406WUul8sk0Ar1E22PzChveRRAXQ=","AnU0gGlUrzncMQVkVOlk7f3W0hNHekz+mOEVhv+3ToI=","IIrDzibP4gPbgoDmbkog5R/sTzu4wNX+X/uWKMYiEq0=","zrlITQgaclP6jIwAWFhjmqnWcWss03BxCdhzptUbxkw=","Q5plA6tqs/sQSEiu8Xob91AtZbf7FAsn9ddzczasDkA=","YzLfeRVzXoWHO7bqWfisblz9yb2uxaf0vol7xFnPB3A=","t9/Qkq+XQmpAfRbiltBXv7RQvtkoY3CL/0NmUAJ6AiE=","7D0vE2tJJcyIytPwiL+02q1cY5b4NP0E0w3yRy2UwZo=","U0xpcTysI2aIGnRCJzH1cJJeD8qB2GwI73M42UkXas4=","i123vgDn+IXbt8aaHsy/3OCiOxYyTO6GaXxxtNm2yS0=","gnZniaEejMI4Y8v+4zX8b8LgZSVxv9SrN5D/DeCrh5w=","jGwyU2BlwGVfdhx9BRLczRfhUfJgf4/fkB8PRUVYazI=","VqckAvPxTVwpO86qRhxztC/eGkxOLWoPtOSsWWUlBBY="],"block_size":4096,"path":"jasmine/lib/jasmine-1.0.0/jasmine.js"},{"block_hashes":["EsgLTUMp4TVhfPTsYz0fbW99InfrmaxxTalwJJYsUVY="],"block_size":4096,"path":"jasmine/spec/PlayerSpec.js"},{"block_hashes":["QmzZed7mCQr4NX1G4jl+NTOc441sVs7fGab7GxPEkKA="],"block_size":4096,"path":"jasmine/spec/SpecHelper.js"},{"block_hashes":["pHMW0mci6072eVd5qupOZCbg+8Ziuf6uHIwvzPjgyUI="],"block_size":4096,"path":"jasmine/src/Player.js"},{"block_hashes":["d4+dfw+WtU9P8WkHfXcOExQQl9a930Gj6oeIoakcsQw="],"block_size":4096,"path":"jasmine/src/Song.js"},{"block_hashes":["TgGdUVKI2xkN0uiGyG07+xJ4A75GnzOGUEfSh+MIv9g=","yROOq7U9HIkzu8Fc5kY5ympP+FCYz2zUbWfAZCEDAkI=","z+Lfr9zz12qXCs87dWfnrpb+XG0Eb8VWcySGIUhhJXc=","zz9EqDja6yb+VSeKpera/M97x7NdMrIvpWxo+E3rwz0=","0hZ7ytm+GZC7Xp1iBGXsHc7OtKfIDgbZuFLd17Burgk=","ryn7bG4JX98yvMSvzm2mt9lgQspGEODBNWLmv/rTr2Y=","bK/BxUmBeDX7vU0n+2eghBUpI/AQmocKXthHBaMH+w8=","qNUJWMmpBnvZz1QA2a2A/fQeWl/mH6J9By6t4jIGV0Y=","CncO8aUxT3dv/UYvSd59ARkzvFaLMVyituAZZ8OYi2A=","b0vgvjkhffnU3rOuTxjaeWbrTNGLRKSHM8Sfaa8e8/U=","t9TlI40YIJkB7ipl9YulWFCMgfioV2JlSjdltFgo1yc=","bWgxNvsOiwjyOVNAH6uwxmD9dVcPkADH0rTrB/wSKPA=","HTYW8WZPcngpQnYG+zZeLhGJtCMwHU4g/itA4s8n5b0="],"block_size":4096,"path":"js/aes.js"},{"block_hashes":["knqTQ1b0q91Gpuk9QFekeh3Qme3+tf7qWYs+lvuq0ng="],"block_size":4096,"path":"js/background-init.js"},{"block_hashes":["nNUTlZd7KzUjLt7EuIryfRoOM6W3wqR9nKQrtn5P3eg=","qd40+CQv1K39cWvdW/hmCT4tJo4dT5A5Ofhb37PQjz8=","ziHDd9Wf84pe0pJp9rucxQGGOrrrNotPDUUjfirlL18=","flndqnKkbZ7lfZTGPBzyUN0Jr1SH2gMTU6DuibGBWQg=","271adwnaLs4HDmW18ATTjP6SfTGRDgIGtFtOM+7e9Bg=","FKj3oLWIGyQBzbDguOmtDtyoORkzHiqNyGhoGcUi6x4=","ArLoPG6we2ZENfgAwT5X43SJupmEBgQleI+ezcUgLQc=","MzCoDyEH3pExVTwJVAY+PqKsnCqSoR2z7uxHQU69T4U=","bLfyGp2/625vJwwv7aU9OvKHGFd5hwRKvjNA3D8NxnE=","DpdJgXWE2YtKDobscIcBna6thN8VwE7J6QzbortqtLA=","5y4QgOubNXUCKgWhIHs544+MQT1H3JsPJ2SMQaNHmXQ="],"block_size":4096,"path":"js/background.js"},{"block_hashes":["K2schlfQzwopGlMC3lRf/aBIlYjh9L9ogRe4UWVkfMs="],"block_size":4096,"path":"js/content-init.js"},{"block_hashes":["U/wP3houIIn8dumK5VQO1q59/uah0JeiNujXEON2jOc=","g+9lNl27lURpY42YcgMwJFL4F1nHnPcoZmfQhlNGiBU=","wJmoXoOTTppmoYiF1eO8kWKhR0Sq78MVCKBFXPCwITI=","j1E/3EoIXTIrfw/nBxzxnzPHnOV5S8uPchHhBCGtPP0=","9WeUVaxjT1dYsMkXWzic3qzAML53kN5FZLc4KbLczeU=","vaoMDGq6EWo79hCxmw8sbxJsj17sYOvIz0pD0ijsWS8=","QqI+fkuIjgUNOFR6VNvhQiRbri7OgxwqJVigPkujCHg=","xQl64fudEdgxDdufdElxA0FNsQOSmtOwImIniCJZ/+Q=","hNgS62bbrT/DyYUyoZ7NoXesdlzuF3Z/A+VSZzHI/Zk=","PTd9+WQPwRTfd42FPl+j4N31qOFSnfGrGG0a9JN1LoI=","8jWeLPJnldbzMPhodi+OQJwLJUlACwTyQPTneyD6jEs=","5ejj76Vx/yTxdg12Ayp5I+mFtrL5gFDXAtnKyk/U80s="],"block_size":4096,"path":"js/content.js"},{"block_hashes":["r20zK5GSU4542ZjFOj1w000FaP0uSr8TNBJnowwJQSs="],"block_size":4096,"path":"js/crypto.js"},{"block_hashes":["NZa2G/RFomjiasZhpuNqf2GbFNi+ennimbFP01zA3nw=","vqrH1pFMqEXreMqMP8ySLqoMqUf8r+x06BBI9SzDyD4=","arWIVSpG5/iRYCvX6tALdCYmTw3G2PWDWgpKc22ewB8="],"block_size":4096,"path":"js/db.js"},{"block_hashes":["CN0mW1n/O9vxkpLqp+zfdr/xsxwM0x+izF5P/DUq42E=","vra2pg1LgIqQyB8D/9yLtK33UVl4QGKRTpMsNI+M2AE="],"block_size":4096,"path":"js/dialog.js"},{"block_hashes":["y9bJY254T6AMk0sQT5JBuuaeYYN0NXGiUaBsiMO83jo="],"block_size":4096,"path":"js/event.js"},{"block_hashes":["dFqlKDq8d/oDcFsTvsyQFuYRF+1lPc2VmQoCeoaDLQQ="],"block_size":4096,"path":"js/fix-iframe-about-blank.js"},{"block_hashes":["VzGbKlTcIqDK9oTjP/Yq0UzJ7QJrEMLT4FeNI+lIbPg="],"block_size":4096,"path":"js/fix-iframe-madness.js"},{"block_hashes":["0JncPUsckhXfMe8dF3zn1VRjdYfbr03s+tbXFfUvi30="],"block_size":4096,"path":"js/fnv.js"},{"block_hashes":["frcCV1k9oG9oKj3dpUqdJg1PxRT2RSN/XKdLCPjaYaY="],"block_size":4096,"path":"js/gevent.js"},{"block_hashes":["Xcm+SZ89JVyrlbOqEHW8xJf+kxAqFWFBITPeIr4M9DM=","Z7tCC6641n/NEX96IJbPZa9/oqtltnb8Bl8i9XZog1E=","j854N4aJdcnhFWqdeDifp/fcd7n5UAkpODS4oBiJ/jU=","RFafR0A2lsBgyJ+jxPXnSW1CUGEpDYMr/7PnK76kgx0=","WoE3bTthzpTxEJgSLlI3NUlAOvaIF/cy3x56qMAkV80=","OhiqF3VObQwa1kgSFX/MrSNhP3+2lg9+vnM9z41yjJA=","ILagwSu6+UIVNtKugOyIyscyhep55S1WW8Uv8jDEwN0=","QDqeQB8Dm5DGMsXMJMQ8kDZHofRFSgu4N7VrDm4jkQc=","g/zoylL9fK1d2ZeKqpBCWjPgSg01apSa42Gt5Vy4J9Q=","a1dYpGodq8KbSNi+zCisrW1UQITzES0ftuz3+D/tXQU=","Iq05DxrQPjZuVWta/paELJRCu1o1q4DHLdqtp6ius5Y=","CJZi3DZB/Y5zzPc2f+iyOzKQlAElMjOSbXVz6sbwd/Y=","gi5yZn8/YRb1o9cYyljLHtTAEgyood3x3e6kDmKNtQw=","PYN4XxEYaRlz0d/5GSDGns0n+yvo0o1J7zRFc+f18iA=","2OmXuEUYDCJDTSqB4FGSAwlSC79dRBGSIUP2RS4WdLo=","JPUDtMoBvToUt95off/+arDzShFjkPjx6H6ucJlIB3o=","EmE0F7MpS9dzJjyBMVn+lodE3JfcPjfcsvGJ5k+JhxQ=","J7mUeEcmwtGZiea20KPaYYiCawrpCSOA2k2m3MjF2n0=","t1JiepfibW48kyLAk4Vz32cGiFu7Z4MdqjtoBmFyYts=","VkuhwKMvdfOnvHrxgGz8Mf597J7zWZlIbohfFS/QqVY="],"block_size":4096,"path":"js/jquery.1.4.3.js"},{"block_hashes":["XtUOzCsMRutMEI1PQ+8DhQSzQqrh+X1J4MQtzqGG0/Q="],"block_size":4096,"path":"js/jquery.msg.js"},{"block_hashes":["VirDMnyoQPvPqpmIkxOEsC43ijVQ3jKFjouhVGpzu34="],"block_size":4096,"path":"js/lazarus-xhr-listener.js"},{"block_hashes":["8GUeSWDA7qwFDmBvESQG8eIBnU75AbfT6H4kUAbk6zE="],"block_size":4096,"path":"js/lazarus.js"},{"block_hashes":["Q/aTH7hBx8L+SOS0lzd0zuEmY7cUP02BF4b/czUEwQ0=","1NaicpoEDRpnpFhwfUk8S1KuBFkzKjrpukH9ZwowyGQ="],"block_size":4096,"path":"js/locale.js"},{"block_hashes":["h33vjcQTXLZKhKUQM0HmGQTCXcwiA8+mPDy87hpOTK4=","vYicNQl2c/h1f5H+BHPxmGfVaebfw3ZrJMxRqObfKKM="],"block_size":4096,"path":"js/logger.js"},{"block_hashes":["y179vYIMdgdmCAKRv0e0scnKdAvTZfMWnqSPGJOtgH4="],"block_size":4096,"path":"js/login-init.js"},{"block_hashes":["KtDUdb7rJsaqIq9xu8ltGjXXaLm7Jkwd1ak6jbJoT6M="],"block_size":4096,"path":"js/login.js"},{"block_hashes":["Gq06S28Boe83du2VbtTi7UGmbLszKx1Vg4d7FP58LNY=","vh3ejq0H5on8bHOwc1DzymVQaRHJZHiuTWeIdgaP1xY="],"block_size":4096,"path":"js/md5.js"},{"block_hashes":["r6tLm3P/rwwcq7C2ICH7HE+gRT7n77QcHjWoADE8ZIg=","UrJgXCDnI3f/Z1eWwTXeuiAgYlJ8mfIu2c32XssKG9w="],"block_size":4096,"path":"js/menu.js"},{"block_hashes":["+r3Fh/+1r8KAVpFHibHjHeIZhBGUfQZ+7kJtznR4wTQ="],"block_size":4096,"path":"js/mouse.js"},{"block_hashes":["W1TzHvCCFsexh88EvSjiRiZRio3GIpFpfyJbkxR9BXs="],"block_size":4096,"path":"js/options-init.js"},{"block_hashes":["BC5z8fttAMQPFcC2x6vTP9aibYL/I9bGinu8oMCI8Kc=","LSv5A+R46VVvYqueKe0PAaNqAc8q2lZcmZgO5+ByROg=","WGygMZg8acPvMUATaIuF4XmFxm/u0265AdSIrp4C3gk=","hfcjKgH7EdMjuc6C9TZ7O+pDHVirhuj08n8gNlsSw5A=","ZXh/rftQWBBy8NEhhWhXGhsG/Wc5d6RZrFW5K3Mq1+M=","7OUiq297eGPXbbt3WOo8qR3/yJY9IEerYGDLIDknjG8=","6qtBIqYCt8OdqOl8nmf8PPw/8NpJnjoVXkEcsSaXBjg="],"block_size":4096,"path":"js/options.js"},{"block_hashes":["ZXTtwvZNT8imGAh+swg8Sh2PZ1hHgVCMk4kbrBJ1Lhc=","5wdWZz81CxR9A1qIUmFN5eKpNhFF77WMaw+uMu3QnSI="],"block_size":4096,"path":"js/platform.js"},{"block_hashes":["OhLpOyfmK//MlAkwWAzwRmE9B0ljjnLfQguPZKcmuUE="],"block_size":4096,"path":"js/preferences.js"},{"block_hashes":["WPsaHyMB1DtRX7rSRHqppDg/uxJOBZPyR+EEt/UXtL8="],"block_size":4096,"path":"js/prefs.js"},{"block_hashes":["eFYLHXlKaGw5dddvVkM45QmRbQriBi79CYRKlJhK71o="],"block_size":4096,"path":"js/profiler.js"},{"block_hashes":["DudDLrglMhI7Nhw20KOfJYvZ1D1zp7OIW6EkCn5np2A=","AE2jOJYhTTivl2tyeapiivBcwD+IIQ949IMgs+1xSZw=","8EkOn4uVfda1GNTiUsnkHcaP0Owae9LE4iHVxz/gJ0Y=","Z16UpD74GgUNzWIuqcqeP39juprhMlGOdxRmVEBi0fo=","y5tk9NMbYluMOjWGrH8Uq1tdJLZw+sMGFgT5SvHmGBc=","mX1JDJI5XKf6vpWMAJiUuMe2eQ+rRyRSO4ffmk3rQYo=","fJu4Ymtyhek9ERFcOvnBAg1rfAHMdk+YehBClqhbxUo=","V88rLlJvlUyR3N2JNo45k6caxCpeK2kw0NSXyzDVX+s=","+MKStH/N+yACfxUVokdEW/LaidiqHTteAAEJ7wy1Drc=","yaCvxRbDEUXh4rkBnRmO8j/sbdoPAIxQUm4qvje7RLA=","qh7gC2jGkODgJkpdeRif8KnRB2sVz8kqtfsvKUfVVQM=","Jy4gYArapbQ5EiCb+70+jA/v3ZUe0NxOgb7y5Nw9OBM="],"block_size":4096,"path":"js/rsa.js"},{"block_hashes":["PA7CS436Kz29Ed3WqWkhaKsmkliZx7mJtB71Plr32dA=","274LUlicBlODQsL1SAm89RRe/3SPGK6O9csXQQuEV5Y="],"block_size":4096,"path":"js/strings.js"},{"block_hashes":["KJcZi87WUcLYwopd6Ez0EJwQcu0A4DQ6B3+flSXe6MQ=","vvy2SfDakO9u50VdhSqm+tvvwMWQWGUjKD6uj05F2f0=","ZI3aVqgMJ7dIWg+aGb5YVjOFrTdlqUaB+5WDm9r1CJ4=","Vs60LlTPZ4ADvyo796QopPfyHIthpuLqS8x4/dUamo0=","xX0IPRtsumEGDRQ2xiiQ/yloJt+0ofWaukXgcS/0fTg="],"block_size":4096,"path":"js/sync.js"},{"block_hashes":["X0TmqbAePVBjobCFPANiNQj3R7J3V28UqWkcvd7MBWc="],"block_size":4096,"path":"js/updates.js"},{"block_hashes":["lObMg3U7NGfutYDvChhnabrE/5wGJc9PGCBVVT/zpMU=","BqABQJ6weazIT0CEyFuUEJ3zhaVKgpGs9wIHDp9oZp0=","pEx8e7QwdUp2DP544RYCoGkrYMFBnYNrDZL7SQg0wYo=","IB9xuw4oC5z6ZXtAbdAvh6qcfnxitbEXtYI5j75QOyI="],"block_size":4096,"path":"js/utils.js"},{"block_hashes":["FWqhy12wNgawmmhHqUd0oYWnVqR6csuk4P0O6pcIndw="],"block_size":4096,"path":"js/worker2-loader.js"},{"block_hashes":["yFJhmgrGlVI8saOVY5wxq80bFj4wmGrwEhjWQXRjAIE="],"block_size":4096,"path":"js/worker2.js"},{"block_hashes":["bdOtkvKf+Uwm5hPM40wMHsuL7bsRH+Sh1PXLfL7WhSo="],"block_size":4096,"path":"login.html"},{"block_hashes":["FD1c2Zcymtx+9EoHZdoJQcr1HUpQNz8uAiteiWLXhcI=","kU1WvDby8k8rfWXd81DKXH1A8LYxVmz5o0X60a0fBcg=","Ij3kmh31lQ/ORhDTb3FX8czk3zMYgX/j84VwiByzqCo=","XfQTwc5I+1Pu5A/3z6vDvpmYkbwE1PerRgeF1AhRj3M="],"block_size":4096,"path":"options.html"},{"block_hashes":["q3GQFWkrBbPeoKYNVufH8vEdpa8h7jwD51kyHI6uJDY="],"block_size":4096,"path":"unit-tests.html"},{"block_hashes":["j3RjgykWBq6qQAexp6d+KHNBedlAZ9GwjX6EF2dTwHk="],"block_size":4096,"path":"unit-tests/background.spec.js"},{"block_hashes":["U7n84ot3DcPtO2+mEwzn9CZ2ayyKoe6YPfBk9s86Cr4=","CeN5XZ49PJq4SzQn45+TxhsNaiYuD7f++EofhOviMLo="],"block_size":4096,"path":"unit-tests/crypto.spec.js"},{"block_hashes":["Nlzksp1CIM4d7F4UN7AA15skAOQ8NZYHliq+21GG4LU=","VWXR8pb2ZGVYlFQl9RnOnbfBTN0fe2w5j5zRUHYOWms="],"block_size":4096,"path":"unit-tests/db.spec.js"},{"block_hashes":["O+XrfTNTfDdHhHAQFwHOC5SClsfD+MorpOgX9Jat3Yk="],"block_size":4096,"path":"unit-tests/fibonacci.js"},{"block_hashes":["L2xdr443gEOSTG1ePOiGBRHV8jFq41LUQCEss5bh2eY="],"block_size":4096,"path":"unit-tests/init.js"},{"block_hashes":["Nccq5/+uYSDG4RSGtxDKosnBdOsG1b3UcQRzmCEcIgs="],"block_size":4096,"path":"unit-tests/prefs.spec.js"},{"block_hashes":["e4Kc+i59aVfdI56Q1Y2VBT+kHAKGHO71Ef3A35nvNLg="],"block_size":4096,"path":"unit-tests/utils.spec.js"},{"block_hashes":["5ZrVprC3g9hnBGHiW9hxbulvyE9rV/oPmByq4dZsPR0="],"block_size":4096,"path":"unit-tests/worker.spec.js"}],"version":2}